,Date,Open,High,Low,Close,Volume,Dividends,Stock Splits,stock,previous day close price,Change in price,Percent change in price,previous day Volume,Change in Volume,Percent change in Volume
0,2023-09-05,136.2849138420055,137.21384941386592,135.40590924299758,136.5546112060547,17730200,0.0,0.0,Google,,,,,,
1,2023-09-06,136.85925995054728,137.32372774580264,134.53690573282543,135.21612548828125,15814300,0.0,0.0,TATA POWER,136.5546112060547,-1.3384857177734375,-0.00980183463562223,17730200.0,-1915900.0,-0.10805856673923586
2,2023-09-07,134.4470091056515,136.42475421366336,133.8077371898575,136.04518127441406,16976000,0.0,0.0,TATA MOTORS,135.21612548828125,0.8290557861328125,0.0061313381310033055,15814300.0,1161700.0,0.07345883156383781
3,2023-09-08,135.7155620051143,137.35869652606056,135.7155620051143,137.04405212402344,17810700,0.0,0.0,SBI,136.04518127441406,0.998870849609375,0.007342199409434258,16976000.0,834700.0,0.049169415645617276
4,2023-09-11,137.2238436645175,138.1068414954171,136.39478530480156,137.58343505859375,17180800,0.0,0.0,ICICI,137.04405212402344,0.5393829345703125,0.003935836150569916,17810700.0,-629900.0,-0.035366380883401605
5,2023-09-12,136.97413695756674,137.4835517824743,135.77548873658026,135.91534423828125,15212900,0.0,0.0,WELSPOON,137.58343505859375,-1.6680908203125,-0.012124212624885389,17180800.0,-1967900.0,-0.11454065002793812
6,2023-09-13,135.74551684154366,137.54347383603283,134.77661821788686,137.3437042236328,16394900,0.0,0.0,RELIANCE,135.91534423828125,1.4283599853515625,0.010509188593507357,15212900.0,1182000.0,0.07769721749304859
7,2023-09-14,138.23269191274542,139.3913770023417,136.90420189058764,138.83201599121094,19064600,0.0,0.0,BRITANNIA,137.3437042236328,1.488311767578125,0.010836403284673057,16394900.0,2669700.0,0.16283722377080667
8,2023-09-15,138.64223869142938,139.20159973954276,137.0240696691637,138.14280700683594,48947600,0.0,0.0,NTPC,138.83201599121094,-0.689208984375,-0.0049643375085659525,19064600.0,29883000.0,1.567460109312548
9,2023-09-18,137.47357285436303,139.77094645171238,137.47357285436303,138.80206298828125,16233600,0.0,0.0,G M INFRA,138.14280700683594,0.6592559814453125,0.004772278743494063,48947600.0,-32714000.0,-0.6683473755608038
10,2023-09-19,138.0928528846343,139.01680449652747,137.34370540063085,138.6721954345703,15479100,0.0,0.0,Google,138.80206298828125,-0.1298675537109375,-0.0009356312933324062,16233600.0,-754500.0,-0.04647767593140151
11,2023-09-20,138.6721977183174,138.6821808646818,134.3670992113095,134.43701171875,21473500,0.0,0.0,TATA POWER,138.6721954345703,-4.2351837158203125,-0.030540972561573065,15479100.0,5994400.0,0.387257657098927
12,2023-09-21,132.23952141481735,133.0386151619476,130.94099598091137,131.210693359375,22042700,0.0,0.0,TATA MOTORS,134.43701171875,-3.226318359375,-0.023998736048407854,21473500.0,569200.0,0.026507090134351596
13,2023-09-22,131.53031874437417,132.85880883018353,130.36165045267236,131.10081481933594,17348700,0.0,0.0,SBI,131.210693359375,-0.1098785400390625,-0.0008374206188981326,22042700.0,-4694000.0,-0.21295031915327978
14,2023-09-25,130.62135761265267,132.0697063449734,129.8821932859733,132.01976013183594,14650000,0.0,0.0,ICICI,131.10081481933594,0.9189453125,0.007009455385661445,17348700.0,-2698700.0,-0.15555632410497622
15,2023-09-26,130.76519688801724,131.2556361059583,128.0442941225615,129.3028564453125,20378800,0.0,0.0,WELSPOON,132.01976013183594,-2.7169036865234375,-0.020579522973002806,14650000.0,5728800.0,0.3910443686006826
16,2023-09-27,129.29286923948445,131.5702763661666,129.23293987953667,131.31057739257812,18764200,0.0,0.0,RELIANCE,129.3028564453125,2.007720947265625,0.01552727451241398,20378800.0,-1614600.0,-0.07922939525389128
17,2023-09-28,130.54145444422267,134.02747780240344,130.54145444422267,132.9786834716797,18201400,0.0,0.0,BRITANNIA,131.31057739257812,1.6681060791015625,0.012703516443419716,18764200.0,-562800.0,-0.029993285085428645
18,2023-09-29,133.927595203847,134.736672050968,131.17073793931533,131.70013427734375,23224200,0.0,0.0,NTPC,132.9786834716797,-1.2785491943359375,-0.009614692828630922,18201400.0,5022800.0,0.2759567945322887
19,2023-10-02,132.00478502612253,135.20614389733143,131.91489098241533,135.016357421875,19210400,0.0,0.0,G M INFRA,131.70013427734375,3.31622314453125,0.025180104505798884,23224200.0,-4013800.0,-0.1728283428492693
20,2023-10-03,134.77662011977498,135.08628055102588,132.66403395770251,133.1484832763672,19628700,0.0,0.0,Google,135.016357421875,-1.8678741455078125,-0.013834428517956576,19210400.0,418300.0,0.021774663723816312
21,2023-10-04,133.50807836431284,136.4147743565072,133.27832882109885,136.1151123046875,22848000,0.0,0.0,TATA POWER,133.1484832763672,2.9666290283203125,0.022280606998449137,19628700.0,3219300.0,0.16400984273028785
22,2023-10-05,135.9752742208541,136.34484878719056,134.30217504275885,135.83543395996094,15922900,0.0,0.0,TATA MOTORS,136.1151123046875,-0.2796783447265625,-0.002054719273937189,22848000.0,-6925100.0,-0.30309436274509804
23,2023-10-06,134.78662592577228,139.0278020002381,134.78662592577228,138.5723114013672,20819300,0.0,0.0,SBI,135.83543395996094,2.73687744140625,0.020148479388765184,15922900.0,4896400.0,0.3075067983847164
24,2023-10-09,137.83315256458297,139.8108976354362,136.54461036946986,139.3414306640625,16599100,0.0,0.0,ICICI,138.5723114013672,0.7691192626953125,0.005550309834030376,20819300.0,-4220200.0,-0.20270614285782906
25,2023-10-10,139.35142377165482,140.58003669509094,138.27264949913422,139.04177856445312,19554900,0.0,0.0,WELSPOON,139.3414306640625,-0.299652099609375,-0.0021504881798709574,16599100.0,2955800.0,0.17806989535577222
26,2023-10-11,139.69103722892308,142.05833834939892,139.68103884149693,141.53892517089844,20146300,0.0,0.0,RELIANCE,139.04177856445312,2.4971466064453125,0.017959685442945794,19554900.0,591400.0,0.030243059284373652
27,2023-10-12,141.99840839057518,142.21815953280276,139.29148217937757,140.13052368164062,18173100,0.0,0.0,BRITANNIA,141.53892517089844,-1.4084014892578125,-0.009950630100922897,20146300.0,-1973200.0,-0.09794354298307872
28,2023-10-13,140.4901245676747,141.17934272019386,137.81317809629365,138.4224853515625,19438700,0.0,0.0,NTPC,140.13052368164062,-1.708038330078125,-0.012188909919144897,18173100.0,1265600.0,0.06964139304796646
29,2023-10-16,139.57117633947323,140.74484386363235,139.16165393564708,140.330322265625,17345600,0.0,0.0,G M INFRA,138.4224853515625,1.9078369140625,0.01378270957364336,19438700.0,-2093100.0,-0.10767695370575192
30,2023-10-17,139.87082695551408,141.08944140323277,138.37154130867162,140.82974243164062,17424000,0.0,0.0,Google,140.330322265625,0.499420166015625,0.0035588898960148274,17345600.0,78400.0,0.004519878240014652
31,2023-10-18,140.59001921481214,141.82861527953975,138.5473454537729,139.12168884277344,18304900,0.0,0.0,TATA POWER,140.82974243164062,-1.7080535888671875,-0.012128500410318432,17424000.0,880900.0,0.050556703397612424
32,2023-10-19,139.64109673174517,140.8447288746568,138.44246378275128,138.822021484375,21831200,0.0,0.0,TATA MOTORS,139.12168884277344,-0.2996673583984375,-0.0021539945416929607,18304900.0,3526300.0,0.19264240722429515
33,2023-10-20,138.43246751366678,138.8819529712384,136.09013174714406,136.58457946777344,24953900,0.0,0.0,SBI,138.822021484375,-2.2374420166015625,-0.016117342138353696,21831200.0,3122700.0,0.1430384037524277
34,2023-10-23,136.07515558011266,138.86199297809213,134.9564334587007,137.74325561523438,20780700,0.0,0.0,ICICI,136.58457946777344,1.1586761474609375,0.008483213492884278,24953900.0,-4173200.0,-0.16723638389189666
35,2023-10-24,139.0018236225244,140.55006482074936,138.59228600233652,139.96072387695312,26535200,0.0,0.0,WELSPOON,137.74325561523438,2.21746826171875,0.01609856142730437,20780700.0,5754500.0,0.2769155995707555
36,2023-10-25,129.6224986562321,129.95212538424414,125.94667367473448,126.52601623535156,58796100,0.0,0.0,RELIANCE,139.96072387695312,-13.434707641601562,-0.09598912658820435,26535200.0,32260900.0,1.2157775332388678
37,2023-10-26,124.3285182434216,125.31739079310826,122.18096058846787,123.29969024658203,33907400,0.0,0.0,BRITANNIA,126.52601623535156,-3.2263259887695312,-0.025499309033552686,58796100.0,-24888700.0,-0.42330528725544725
38,2023-10-27,123.88901625502719,124.29855387382597,121.3219378296371,123.25973510742188,37367700,0.0,0.0,NTPC,123.29969024658203,-0.03995513916015625,-0.0003240489824447579,33907400.0,3460300.0,0.10205146959070888
39,2023-10-30,124.31852868792812,126.40615700285744,123.73918612964893,125.60706329345703,24165600,0.0,0.0,G M INFRA,123.25973510742188,2.3473281860351562,0.019043754913065758,37367700.0,-13202100.0,-0.35330245104729485
40,2023-10-31,126.12646853728288,126.41613981565818,123.78414044448687,125.15757751464844,21123400,0.0,0.0,Google,125.60706329345703,-0.44948577880859375,-0.003578507187597002,24165600.0,-3042200.0,-0.12588969444168574
41,2023-11-01,125.19752683077523,127.59480036044815,124.78300525272172,127.42499542236328,26536600,0.0,0.0,TATA POWER,125.15757751464844,2.2674179077148438,0.018116505230771685,21123400.0,5413200.0,0.256265563308937
42,2023-11-02,129.4127349783565,129.9421313418674,127.96438614910133,128.43385314941406,24091700,0.0,0.0,TATA MOTORS,127.42499542236328,1.0088577270507812,0.007917267124136984,26536600.0,-2444900.0,-0.09213312933834783
43,2023-11-03,128.94325797066261,130.58139315053867,128.86334707878524,130.2218017578125,19517900,0.0,0.0,SBI,128.43385314941406,1.7879486083984375,0.01392116303104629,24091700.0,-4573800.0,-0.18984961625788133
44,2023-11-06,130.07198524616643,131.41045846270882,129.78230634259765,131.3005828857422,15360400,0.0,0.0,ICICI,130.2218017578125,1.0787811279296875,0.008284182167407117,19517900.0,-4157500.0,-0.21300959631927618
45,2023-11-07,131.82997569774284,133.1285010521005,130.99093417330667,132.24949645996094,19223800,0.0,0.0,WELSPOON,131.3005828857422,0.94891357421875,0.007227032457612914,15360400.0,3863400.0,0.2515168875810525
46,2023-11-08,132.20954961658265,133.3882010180371,132.0097800009143,133.1085205078125,15093600,0.0,0.0,RELIANCE,132.24949645996094,0.8590240478515625,0.006495480669838516,19223800.0,-4130200.0,-0.21484826100978993
47,2023-11-09,133.20841364464235,133.80773773627868,131.3605103966343,131.54031372070312,17976500,0.0,0.0,BRITANNIA,133.1085205078125,-1.568206787109375,-0.0117814155031295,15093600.0,2882900.0,0.19100148407271966
48,2023-11-10,131.38050013992992,134.11739130862892,130.72124664622606,133.90762329101562,20872900,0.0,0.0,NTPC,131.54031372070312,2.3673095703125,0.01799683688864362,17976500.0,2896400.0,0.16112146413373019
49,2023-11-13,133.20841762446366,133.9575651406687,132.61909190299588,133.48809814453125,16409900,0.0,0.0,G M INFRA,133.90762329101562,-0.419525146484375,-0.0031329444595744604,20872900.0,-4463000.0,-0.2138179170120108
50,2023-11-14,135.49581317751654,137.0840175560453,134.94645050446786,135.27606201171875,22317300,0.0,0.0,Google,133.48809814453125,1.7879638671875,0.013394181893666923,16409900.0,5907400.0,0.3599900060329435
51,2023-11-15,136.48468983318045,136.68445945825619,135.17618126127223,136.22499084472656,15840900,0.0,0.0,TATA POWER,135.27606201171875,0.9489288330078125,0.007014757961579354,22317300.0,-6476400.0,-0.29019639472516834
52,2023-11-16,136.80433067090718,138.72214646760673,135.92532604854463,138.54234313964844,17615100,0.0,0.0,TATA MOTORS,136.22499084472656,2.317352294921875,0.017011212704453493,15840900.0,1774200.0,0.11200121205234548
53,2023-11-17,137.66335214624624,137.84314023065352,135.326000358837,136.7843475341797,25565300,0.0,0.0,SBI,138.54234313964844,-1.75799560546875,-0.012689229629216814,17615100.0,7950200.0,0.45132868959018113
54,2023-11-20,135.34598192776082,138.267660231686,135.3359987813284,137.7632293701172,19569400,0.0,0.0,ICICI,136.7843475341797,0.9788818359375,0.0071563878000946435,25565300.0,-5995900.0,-0.23453274555745485
55,2023-11-21,137.78321309842912,138.8070419367959,137.54847960124738,138.46243286132812,17648100,0.0,0.0,WELSPOON,137.7632293701172,0.6992034912109375,0.005075399977249706,19569400.0,-1921300.0,-0.09817878933436897
56,2023-11-22,138.941902619499,140.93962938474587,138.84201018465836,139.86085510253906,17306400,0.0,0.0,RELIANCE,138.46243286132812,1.3984222412109375,0.01009965094728238,17648100.0,-341700.0,-0.01936185765039866
57,2023-11-24,139.38138845621344,139.51824139554782,137.31374919826024,138.06289672851562,8828600,0.0,0.0,BRITANNIA,139.86085510253906,-1.7979583740234375,-0.012855336632292547,17306400.0,-8477800.0,-0.4898650210326816
58,2023-11-27,137.41363154846357,139.4712875086047,137.38365162732347,137.89308166503906,17886400,0.0,0.0,NTPC,138.06289672851562,-0.1698150634765625,-0.0012299833445511554,8828600.0,9057800.0,1.0259610810321003
59,2023-11-28,137.47356789819898,138.50239593058404,136.8842269375129,138.46243286132812,17046900,0.0,0.0,G M INFRA,137.89308166503906,0.5693511962890625,0.00412893228154898,17886400.0,-839500.0,-0.046935101529653855
60,2023-11-29,138.82701770252274,139.51123663100756,136.14007296091066,136.2449493408203,21014700,0.0,0.0,Google,138.46243286132812,-2.2174835205078125,-0.01601505530910796,17046900.0,3967800.0,0.23275786213329108
61,2023-11-30,136.24495330162046,136.80432957410426,132.6390560392684,133.7677764892578,29913500,0.0,0.0,TATA POWER,136.2449493408203,-2.4771728515625,-0.018181759129769937,21014700.0,8898800.0,0.4234559617791356
62,2023-12-01,133.16847229003906,133.34826038140105,132.00178535976738,133.16847229003906,24258400,0.0,0.0,TATA MOTORS,133.7677764892578,-0.59930419921875,-0.004480183605854227,29913500.0,-5655100.0,-0.1890484229528474
63,2023-12-04,131.14476832039472,131.30058161106265,129.25290873735207,130.4815216064453,24117100,0.0,0.0,SBI,133.16847229003906,-2.68695068359375,-0.02017707823321435,24258400.0,-141300.0,-0.005824786465719045
64,2023-12-05,130.22180899386322,133.38820395841188,129.5825370647658,132.23951721191406,19235100,0.0,0.0,ICICI,130.4815216064453,1.75799560546875,0.013473138447688937,24117100.0,-4882000.0,-0.2024289819256876
65,2023-12-06,132.748924116314,133.15846171998882,131.16073515546074,131.2805938720703,16360600,0.0,0.0,WELSPOON,132.23951721191406,-0.95892333984375,-0.007251412891254527,19235100.0,-2874500.0,-0.14944034603407308
66,2023-12-07,136.44474493322264,139.8408743567365,136.07515511538244,138.29263305664062,38419400,0.0,0.0,RELIANCE,131.2805938720703,7.0120391845703125,0.05341261017910526,16360600.0,22058800.0,1.3482879600992628
67,2023-12-08,135.5057984131622,137.83315172215657,135.4159043744557,136.48468017578125,22990900,0.0,0.0,BRITANNIA,138.29263305664062,-1.807952880859375,-0.01307338533440816,38419400.0,-15428500.0,-0.4015809721130471
68,2023-12-11,133.66790087456621,134.6367843023837,132.73895003308613,134.54689025878906,24502900,0.0,0.0,NTPC,136.48468017578125,-1.9377899169921875,-0.014197856598238467,22990900.0,1512000.0,0.06576515055956933
69,2023-12-12,133.1185235804659,134.3870690673992,132.67902126566105,133.48809814453125,26584000,0.0,0.0,G M INFRA,134.54689025878906,-1.0587921142578125,-0.007869316876973675,24502900.0,2081100.0,0.08493280387219482
70,2023-12-13,134.39206185930044,134.62679534618698,132.79887366475134,133.81771850585938,25414500,0.0,0.0,Google,133.48809814453125,0.329620361328125,0.0024692865199955616,26584000.0,-1169500.0,-0.04399262714414687
71,2023-12-14,134.61682206654731,134.8815202527396,130.91103221840964,133.04859924316406,29619100,0.0,0.0,TATA POWER,133.81771850585938,-0.7691192626953125,-0.005747514389595865,25414500.0,4204600.0,0.16544098841212684
72,2023-12-15,132.76891376406383,134.67674640773666,132.47925010073916,133.6878662109375,58569400,0.0,0.0,TATA MOTORS,133.04859924316406,0.6392669677734375,0.004804762856654321,29619100.0,28950300.0,0.9774199756238373
73,2023-12-18,133.70784102223567,138.2227073745917,133.6179469838045,137.0340576171875,25699800,0.0,0.0,SBI,133.6878662109375,3.34619140625,0.025029881178373126,58569400.0,-32869600.0,-0.5612077296335629
74,2023-12-19,137.84314650580376,138.61227557637568,137.29376859825237,137.9430389404297,20661000,0.0,0.0,ICICI,137.0340576171875,0.9089813232421875,0.006633251171628274,25699800.0,-5038800.0,-0.19606378259753
75,2023-12-20,140.17048779833905,142.91536522611437,139.25153539734146,139.50125122070312,33507300,0.0,0.0,WELSPOON,137.9430389404297,1.5582122802734375,0.011296055910051006,20661000.0,12846300.0,0.6217656454189051
76,2023-12-21,140.60999644344008,141.86855876316585,140.31333695823096,141.63882446289062,18101500,0.0,0.0,RELIANCE,139.50125122070312,2.1375732421875,0.015322968242096113,33507300.0,-15405800.0,-0.4597744372121896
77,2023-12-22,141.96844409303395,143.0871660990594,141.89351715322985,142.55776977539062,18494700,0.0,0.0,BRITANNIA,141.63882446289062,0.9189453125,0.006487947891298473,18101500.0,393200.0,0.021721956743916193
78,2023-12-26,142.81747561776112,143.78139032120177,142.3380254837363,142.6576690673828,11170100,0.0,0.0,NTPC,142.55776977539062,0.0998992919921875,0.0007007635721967276,18494700.0,-7324600.0,-0.3960377837975204
79,2023-12-27,142.66765529825497,143.15710383075358,140.89067043369923,141.27923583984375,17288400,0.0,0.0,G M INFRA,142.6576690673828,-1.3784332275390625,-0.00966252453548766,11170100.0,6118300.0,0.5477390533656816
80,2023-12-28,141.6887747183384,142.10829550354288,140.66793318695147,141.11941528320312,12192500,0.0,0.0,Google,141.27923583984375,-0.159820556640625,-0.0011312388242373794,17288400.0,-5095900.0,-0.29475833506860094
81,2023-12-29,140.52009006838176,141.27423678190476,139.74097786745475,140.76980590820312,14872700,0.0,0.0,TATA POWER,141.11941528320312,-0.349609375,-0.0024774009607281267,12192500.0,2680200.0,0.21982366208734883
82,2024-01-02,139.44133025685267,140.45517595108223,137.5834438095293,139.4013671875,20071900,0.0,0.0,TATA MOTORS,140.76980590820312,-1.368438720703125,-0.009721109664635685,14872700.0,5199200.0,0.3495801031419985
83,2024-01-03,138.4424607743544,140.9296206601449,138.2726405992914,140.20045471191406,18974300,0.0,0.0,SBI,139.4013671875,0.7990875244140625,0.005732278962079729,20071900.0,-1097600.0,-0.05468341312979841
84,2024-01-04,139.69104258557948,140.47513871494425,137.8531224776641,137.88308715820312,18253300,0.0,0.0,ICICI,140.20045471191406,-2.3173675537109375,-0.016528958900116963,18974300.0,-721000.0,-0.037998766752923685
85,2024-01-05,138.19475313521525,138.65222513134293,136.69446141644704,137.2338409423828,15433200,0.0,0.0,WELSPOON,137.88308715820312,-0.6492462158203125,-0.004708671884285476,18253300.0,-2820100.0,-0.15449809075619203
86,2024-01-08,137.8431466396461,140.4801453570076,137.7232879111351,140.37026977539062,17645300,0.0,0.0,RELIANCE,137.2338409423828,3.1364288330078125,0.022854631273671266,15433200.0,2212100.0,0.14333385169634294
87,2024-01-09,139.90079097560007,142.63768189701236,139.63109361773547,142.39794921875,19579700,0.0,0.0,BRITANNIA,140.37026977539062,2.027679443359375,0.014445220106821033,17645300.0,1934400.0,0.10962692615030623
88,2024-01-10,142.35800705132547,144.36071767775027,142.298077689739,143.6365509033203,16641900,0.0,0.0,NTPC,142.39794921875,1.2386016845703125,0.008698170804886995,19579700.0,-2937800.0,-0.1500431569431605
89,2024-01-11,144.73031233381897,146.49330557306465,142.0533505753714,143.50669860839844,17471100,0.0,0.0,G M INFRA,143.6365509033203,-0.129852294921875,-0.0009040337860053427,16641900.0,829200.0,0.04982604149766545
90,2024-01-12,144.17592699115585,144.57548146136307,143.19704521167623,144.0760498046875,13995200,0.0,0.0,Google,143.50669860839844,0.5693511962890625,0.003967418955422408,17471100.0,-3475900.0,-0.1989514111876184
91,2024-01-16,143.2669589439463,145.67422320766738,142.8933911335868,143.91622924804688,19198900,0.0,0.0,TATA POWER,144.0760498046875,-0.159820556640625,-0.0011092791401297042,13995200.0,5203700.0,0.3718203384017378
92,2024-01-17,142.7475663736632,143.2469980534467,140.3502851658353,142.7275848388672,17884500,0.0,0.0,TATA MOTORS,143.91622924804688,-1.1886444091796875,-0.008259279828204735,19198900.0,-1314400.0,-0.06846225565006325
93,2024-01-18,143.27695414965393,145.4195201951456,143.18706011062628,144.8251953125,18876800,0.0,0.0,SBI,142.7275848388672,2.0976104736328125,0.014696601753619865,17884500.0,992300.0,0.055483798820207486
94,2024-01-19,146.13868766063743,147.8717160942539,145.6342720587682,147.8018035888672,27170900,0.0,0.0,ICICI,144.8251953125,2.9766082763671875,0.020553110734250035,18876800.0,8294100.0,0.43938061535853534
95,2024-01-22,148.54097762218578,149.84448699679913,147.41225714318145,147.5421142578125,21829200,0.0,0.0,WELSPOON,147.8018035888672,-0.2596893310546875,-0.0017570105692150673,27170900.0,-5341700.0,-0.19659635860424207
96,2024-01-23,147.5521012672226,148.69080492275984,147.02270488956162,148.51100158691406,14113600,0.0,0.0,RELIANCE,147.5421142578125,0.9688873291015625,0.006566852684573465,21829200.0,-7715600.0,-0.35345317281439537
97,2024-01-24,150.11916306344028,151.3977221471517,149.66967761351677,150.17910766601562,19245000,0.0,0.0,BRITANNIA,148.51100158691406,1.6681060791015625,0.011232205434459575,14113600.0,5131400.0,0.3635783924725089
98,2024-01-25,151.56752830434178,154.58408460945628,151.048115101288,153.46536254882812,21495100,0.0,0.0,NTPC,150.17910766601562,3.2862548828125,0.02188223737565953,19245000.0,2250100.0,0.11691868017666929
99,2024-01-26,152.69623614136864,153.93483218800048,152.62632363209775,153.6151885986328,19494500,0.0,0.0,G M INFRA,153.46536254882812,0.1498260498046875,0.0009762857710451378,21495100.0,-2000600.0,-0.09307237463421891
100,2024-01-29,153.465368462065,155.02359288982194,152.74618561210863,154.66400146484375,20909300,0.0,0.0,Google,153.6151885986328,1.0488128662109375,0.006827533629837124,19494500.0,1414800.0,0.07257431583267082
101,2024-01-30,153.83493787111996,154.86376589444302,152.60134103363814,152.87603759765625,26578900,0.0,0.0,TATA POWER,154.66400146484375,-1.7879638671875,-0.01156031041647343,20909300.0,5669600.0,0.27115207108798467
102,2024-01-31,145.2247401905462,145.42450980997882,141.38910862823863,141.63882446289062,43908600,0.0,0.0,TATA MOTORS,152.87603759765625,-11.237213134765625,-0.07350539241695986,26578900.0,17329700.0,0.652009676848929
103,2024-02-01,143.5266723093832,144.45560787733552,142.0982898420046,142.54779052734375,25526900,0.0,0.0,SBI,141.63882446289062,0.908966064453125,0.006417492293514959,43908600.0,-18381700.0,-0.4186355292585051
104,2024-02-02,140.7298494121929,143.7164561594247,138.01294002296157,143.3768310546875,42116900,0.0,0.0,ICICI,142.54779052734375,0.82904052734375,0.005815877778791112,25526900.0,16590000.0,0.6499026517125073
105,2024-02-05,143.87627101237234,146.50328651446085,143.74642914034698,144.7652587890625,29254400,0.0,0.0,WELSPOON,143.3768310546875,1.388427734375,0.009683766367003965,42116900.0,-12862500.0,-0.30539997008326825
106,2024-02-06,145.7940983387194,146.5732105167273,144.35573270502948,145.24472045898438,21517700,0.0,0.0,RELIANCE,144.7652587890625,0.479461669921875,0.0033119940096988376,29254400.0,-7736700.0,-0.2644627816670313
107,2024-02-07,145.9538988845892,146.83290345600977,145.0449448752639,146.5132598876953,21436100,0.0,0.0,BRITANNIA,145.24472045898438,1.2685394287109375,0.008733807498835455,21517700.0,-81600.0,-0.0037922268643953982
108,2024-02-08,146.80294225293733,147.44221416325993,146.25356438279027,147.0526580810547,18241300,0.0,0.0,NTPC,146.5132598876953,0.539398193359375,0.003681565707928547,21436100.0,-3194800.0,-0.14903830454233746
109,2024-02-09,147.78183127307676,150.52372156434407,147.2624180575362,150.04925537109375,21877700,0.0,0.0,G M INFRA,147.0526580810547,2.9965972900390625,0.02037771590900017,18241300.0,3636400.0,0.19934982704083581
110,2024-02-12,149.3700204883269,150.41883006700442,148.39113866090236,148.56094360351562,17236100,0.0,0.0,Google,150.04925537109375,-1.488311767578125,-0.009918821415656587,21877700.0,-4641600.0,-0.21216124181243912
111,2024-02-13,145.90398171819805,147.87172856121856,144.9450661639698,146.20362854003906,18138500,0.0,0.0,TATA POWER,148.56094360351562,-2.3573150634765625,-0.015867663507629914,17236100.0,902400.0,0.052355231171784755
112,2024-02-14,147.20248209796017,147.66196592985642,145.38954273960297,146.97274780273438,16651800,0.0,0.0,TATA MOTORS,146.20362854003906,0.7691192626953125,0.00526060310797738,18138500.0,-1486700.0,-0.08196377870275928
113,2024-02-15,144.2958109315446,144.59545775311597,141.71874157591117,143.77639770507812,26724300,0.0,0.0,SBI,146.97274780273438,-3.19635009765625,-0.021747910040753715,16651800.0,10072500.0,0.6048895614888481
114,2024-02-16,144.04608907226958,144.31577120042508,141.35914424708662,141.59886169433594,21849700,0.0,0.0,ICICI,143.77639770507812,-2.1775360107421875,-0.015145295371837508,26724300.0,-4874600.0,-0.18240328090913516
115,2024-02-20,140.7797983034992,143.16607508556285,140.6399580488099,142.03836059570312,18625600,0.0,0.0,WELSPOON,141.59886169433594,0.4394989013671875,0.003103830751944203,21849700.0,-3224100.0,-0.14755809004242626
116,2024-02-21,142.47786545966997,143.81633867029373,141.74869949290405,143.67649841308594,16499600,0.0,0.0,RELIANCE,142.03836059570312,1.6381378173828125,0.011533066211919962,18625600.0,-2126000.0,-0.11414397388540498
117,2024-02-22,145.95390942824002,146.03382032609136,143.84630712692734,145.1548309326172,23024700,0.0,0.0,BRITANNIA,143.67649841308594,1.47833251953125,0.01028931339404493,16499600.0,6525100.0,0.3954701932168052
118,2024-02-23,144.80521907007267,145.7891000659,144.62541574400302,145.12484741210938,14519400,0.0,0.0,NTPC,145.1548309326172,-0.0299835205078125,-0.00020656233289084724,23024700.0,-8505300.0,-0.36939894982345045
119,2024-02-26,143.28693969523584,143.67649577899022,138.58230201000566,138.59228515625,33513000,0.0,0.0,G M INFRA,145.12484741210938,-6.532562255859375,-0.04501339620574363,14519400.0,18993600.0,1.3081532294722922
120,2024-02-27,139.25154721127765,140.33032148869526,138.34257787917872,139.94076538085938,22364000,0.0,0.0,Google,138.59228515625,1.348480224609375,0.009729836138347103,33513000.0,-11149000.0,-0.3326768716617432
121,2024-02-28,138.941903726897,139.12169182130827,136.48469307982273,137.27378845214844,30628700,0.0,0.0,TATA POWER,139.94076538085938,-2.6669769287109375,-0.019057898686294594,22364000.0,8264700.0,0.36955374709354327
122,2024-02-29,138.19274182456647,139.79091393857078,137.41362968018245,139.62110900878906,35485000,0.0,0.0,TATA MOTORS,137.27378845214844,2.347320556640625,0.017099553987022453,30628700.0,4856300.0,0.15855390532409142
123,2024-03-01,139.4513095967065,139.84086568431215,137.8181735450991,137.9230499267578,28522000,0.0,0.0,SBI,139.62110900878906,-1.69805908203125,-0.012161907995762666,35485000.0,-6963000.0,-0.1962237565168381
124,2024-03-04,136.38479135073598,136.47470063326085,132.7089816397534,134.04745483398438,43571500,0.0,0.0,ICICI,137.9230499267578,-3.8755950927734375,-0.028099691058394716,28522000.0,15049500.0,0.5276453264146974
125,2024-03-05,132.5891185723639,133.8676623639672,131.40046881889418,133.6279296875,28447600,0.0,0.0,WELSPOON,134.04745483398438,-0.419525146484375,-0.0031296763299530905,43571500.0,-15123900.0,-0.34710533261420884
126,2024-03-06,134.08741529131373,134.58684694284977,131.80000979206983,132.40931701660156,23175200,0.0,0.0,RELIANCE,133.6279296875,-1.2186126708984375,-0.009119445865458431,28447600.0,-5272400.0,-0.18533725164864523
127,2024-03-07,133.73781679802025,135.66563103918043,132.5092191131906,135.08628845214844,24107300,0.0,0.0,BRITANNIA,132.40931701660156,2.676971435546875,0.02021739478658624,23175200.0,932100.0,0.040219717629189855
128,2024-03-08,134.88150773865686,138.82701467754768,134.64677425634412,136.13507080078125,26472400,0.0,0.0,NTPC,135.08628845214844,1.0487823486328125,0.007763795723829681,24107300.0,2365100.0,0.09810721233817143
129,2024-03-11,136.9142044185028,139.82088513506008,136.9142044185028,138.78207397460938,22536400,0.0,0.0,G M INFRA,136.13507080078125,2.647003173828125,0.01944394753135814,26472400.0,-3936000.0,-0.14868315679726807
130,2024-03-12,138.09285061446081,140.1205418851804,138.05290278887296,139.46128845214844,19019700,0.0,0.0,Google,138.78207397460938,0.6792144775390625,0.004894108137217579,22536400.0,-3516700.0,-0.15604533110878405
131,2024-03-13,139.90080091268734,142.02838476423454,139.85085469598783,140.61000061035156,19637000,0.0,0.0,TATA POWER,139.46128845214844,1.148712158203125,0.008236781482176436,19019700.0,617300.0,0.03245582212127429
132,2024-03-14,142.13825928812332,144.56548993893932,141.32418321045157,144.17593383789062,36117900,0.0,0.0,TATA MOTORS,140.61000061035156,3.5659332275390625,0.02536045240068474,19637000.0,16480900.0,0.8392778937719612
133,2024-03-15,143.24698830245504,144.17592384772485,140.96958121698376,142.00839233398438,41025900,0.0,0.0,SBI,144.17593383789062,-2.16754150390625,-0.015034003569162957,36117900.0,4908000.0,0.13588829915360523
134,2024-03-18,149.20020598753442,152.75615689079712,147.97160839824858,148.31121826171875,47676700,0.0,0.0,ICICI,142.00839233398438,6.302825927734375,0.04438347497738726,41025900.0,6650800.0,0.1621122266665691
135,2024-03-19,148.81065426076609,149.44992618069722,146.84289228630962,147.75186157226562,17748400,0.0,0.0,WELSPOON,148.31121826171875,-0.559356689453125,-0.003771506269108049,47676700.0,-29928300.0,-0.6277343020804711
136,2024-03-20,148.62086941620478,149.5897680737808,147.49714816049038,149.50985717773438,17730000,0.0,0.0,RELIANCE,147.75186157226562,1.75799560546875,0.011898297502051625,17748400.0,-18400.0,-0.0010367131685109499
137,2024-03-21,150.14914401048955,151.1330097648398,147.8417569010997,148.57093811035156,19843900,0.0,0.0,BRITANNIA,149.50985717773438,-0.9389190673828125,-0.006279981033401993,17730000.0,2113900.0,0.1192272983643543
138,2024-03-22,150.06922876259998,152.386583709783,149.91939012165133,151.5974884033203,19226300,0.0,0.0,NTPC,148.57093811035156,3.02655029296875,0.020371078835894396,19843900.0,-617600.0,-0.031122914346474184
139,2024-03-25,150.77842556086637,151.28384714368084,148.63087537053056,150.9781951904297,15114700,0.0,0.0,G M INFRA,151.5974884033203,-0.619293212890625,-0.004085115257602467,19226300.0,-4111600.0,-0.2138528994138238
140,2024-03-26,151.068104009413,153.0258677110725,150.85833599208374,151.52757263183594,19312700,0.0,0.0,Google,150.9781951904297,0.54937744140625,0.003638786652028214,15114700.0,4198000.0,0.2777428596002567
141,2024-03-27,151.97207228741686,152.51645099721102,149.95936319869537,151.76730346679688,16622000,0.0,0.0,TATA POWER,151.52757263183594,0.2397308349609375,0.0015820938116879457,19312700.0,-2690700.0,-0.13932282901924642
142,2024-03-28,151.82723033526747,152.49646695579818,151.15799371473676,152.08692932128906,21105600,0.0,0.0,TATA MOTORS,151.76730346679688,0.3196258544921875,0.0021060257854690345,16622000.0,4483600.0,0.2697389002526771
143,2024-04-01,151.65742305852174,156.82154470815445,151.4776197313941,156.32211303710938,24469800,0.0,0.0,SBI,152.08692932128906,4.2351837158203125,0.027847124895745257,21105600.0,3364200.0,0.15939845349101667
144,2024-04-02,154.57410324386575,155.81269928343474,153.28557623000736,155.6928253173828,17598100,0.0,0.0,ICICI,156.32211303710938,-0.6292877197265625,-0.004025583505112729,24469800.0,-6871700.0,-0.28082370922524913
145,2024-04-03,154.74391189978016,156.3720640748601,153.95681317079158,156.1922607421875,17266200,0.0,0.0,WELSPOON,155.6928253173828,0.4994354248046875,0.003207825561560629,17598100.0,-331900.0,-0.018859990567163476
146,2024-04-04,154.90373385113958,156.00247441754635,151.70737410299503,151.76730346679688,24184800,0.0,0.0,RELIANCE,156.1922607421875,-4.424957275390625,-0.02833019545503923,17266200.0,6918600.0,0.400701949473538
147,2024-04-05,151.50758893223227,154.66400084534848,150.90927074792327,153.76502990722656,16289800,0.0,0.0,BRITANNIA,151.76730346679688,1.9977264404296875,0.013163088457104566,24184800.0,-7895000.0,-0.3264447090734677
148,2024-04-08,153.8399397741534,156.47693843478265,153.8149742867326,155.9625244140625,16641500,0.0,0.0,NTPC,153.76502990722656,2.1974945068359375,0.01429125015071242,16289800.0,351700.0,0.021590197546931256
149,2024-04-09,157.1711555077581,159.7082617313245,156.46195581720735,157.9602508544922,21538100,0.0,0.0,G M INFRA,155.9625244140625,1.9977264404296875,0.012809015806425128,16641500.0,4896600.0,0.2942403028573146
150,2024-04-10,157.70055560668612,157.9802361342937,156.02245719959507,157.48080444335938,16339200,0.0,0.0,undefined,157.9602508544922,-0.4794464111328125,-0.0030352345513458,21538100.0,-5198900.0,-0.24138155176176168
151,2024-04-11,158.1600114708316,160.93685022914647,157.75047385934948,160.6072235107422,17841700,0.0,0.0,undefined,157.48080444335938,3.1264190673828125,0.019852699371416316,16339200.0,1502500.0,0.09195676654915785
152,2024-04-12,159.2238156892129,161.51620531474256,158.41973798511768,159.00906372070312,16968200,0.0,0.0,undefined,160.6072235107422,-1.5981597900390625,-0.009950734189313581,17841700.0,-873500.0,-0.04895833917171566
153,2024-04-15,160.0978205151225,160.64719841962534,155.97250989938206,156.15231323242188,21140900,0.0,0.0,undefined,159.00906372070312,-2.85675048828125,-0.017965960061868458,16968200.0,4172700.0,0.24591294303461764
154,2024-04-16,155.46308620815697,157.05127522587412,154.87376050846743,155.8226776123047,15413200,0.0,0.0,undefined,156.15231323242188,-0.3296356201171875,-0.0021109877483950212,21140900.0,-5727700.0,-0.27092980904313435
155,2024-04-17,157.01133588051133,158.50063848564236,155.95752709751847,156.70169067382812,16237800,0.0,0.0,undefined,155.8226776123047,0.8790130615234375,0.005641111261805332,15413200.0,824600.0,0.05349959774738533
156,2024-04-18,156.7466255974562,158.30484989883914,156.03244199956308,157.28102111816406,14016100,0.0,0.0,undefined,156.70169067382812,0.5793304443359375,0.0036970274018408578,16237800.0,-2221700.0,-0.1368227222899654
157,2024-04-19,157.57069061208205,157.8104232986656,153.73505907541457,155.54299926757812,20063900,0.0,0.0,undefined,157.28102111816406,-1.7380218505859375,-0.011050423237525697,14016100.0,6047800.0,0.4314895013591513
158,2024-04-22,155.8326647113745,159.00405887484578,155.48307168606394,157.7704620361328,17243900,0.0,0.0,undefined,155.54299926757812,2.2274627685546875,0.014320559453291803,20063900.0,-2820000.0,-0.14055093974750676
159,2024-04-23,158.40973017102374,160.2975812350954,157.78544059637775,159.73822021484375,16115400,0.0,0.0,undefined,157.7704620361328,1.9677581787109375,0.012472285073617195,17243900.0,-1128500.0,-0.06544343217021675
160,2024-04-24,158.90916036787297,161.2065490297101,158.6394782479487,160.91688537597656,19485700,0.0,0.0,undefined,159.73822021484375,1.1786651611328125,0.007378729771419401,16115400.0,3370300.0,0.20913536120729237
161,2024-04-25,153.1856829480366,158.1000887684165,152.59436060409567,157.7704620361328,36197800,0.0,0.0,undefined,160.91688537597656,-3.14642333984375,-0.01955309619927237,19485700.0,16712100.0,0.8576597196918767
162,2024-04-26,175.7899576074076,176.21946151040063,171.20516347812293,173.49256896972656,56500800,0.0,0.0,undefined,157.7704620361328,15.72210693359375,0.09965177721285401,36197800.0,20303000.0,0.5608904408555215
163,2024-04-29,170.57590043204118,171.1852076919321,166.87011065635474,167.7091522216797,35914600,0.0,0.0,undefined,173.49256896972656,-5.783416748046875,-0.03333524186304515,56500800.0,-20586200.0,-0.3643523631523802
164,2024-04-30,167.18975673750674,169.67691678900385,164.31302533761598,164.45286560058594,29420800,0.0,0.0,undefined,167.7091522216797,-3.25628662109375,-0.0194162726241055,35914600.0,-6493800.0,-0.18081226019501817
165,2024-05-01,165.99109740674632,168.61811278720114,164.71255359028754,165.38180541992188,25223200,0.0,0.0,undefined,164.45286560058594,0.9289398193359375,0.005648669093988978,29420800.0,-4197600.0,-0.14267457037198172
166,2024-05-02,166.48055026453582,168.33843667784112,165.50166846355194,168.26852416992188,17041100,0.0,0.0,undefined,165.38180541992188,2.88671875,0.017454875055150865,25223200.0,-8182100.0,-0.3243878651400298
167,2024-05-03,169.34729052158363,169.65695097180046,164.79247595326166,168.7979278564453,22767100,0.0,0.0,undefined,168.26852416992188,0.5294036865234375,0.0031461836914241648,17041100.0,5726000.0,0.33601117298765915
168,2024-05-06,169.02765564346143,169.70687539888573,167.69916557205738,169.636962890625,15147900,0.0,0.0,undefined,168.7979278564453,0.8390350341796875,0.0049706477137163585,22767100.0,-7619200.0,-0.3346583447167184
169,2024-05-07,169.92662129748064,173.272819480147,169.80676257762926,172.7833709716797,21102400,0.0,0.0,undefined,169.636962890625,3.1464080810546875,0.018547892083421447,15147900.0,5954500.0,0.393090791462843
170,2024-05-08,170.55591647141492,171.71359567630847,170.328178798558,170.9654541015625,14569900,0.0,0.0,undefined,172.7833709716797,-1.8179168701171875,-0.010521364758042329,21102400.0,-6532500.0,-0.3095619455606945
171,2024-05-09,170.95546007240662,172.2440023578819,169.73684553888612,171.38497924804688,11937700,0.0,0.0,undefined,170.9654541015625,0.419525146484375,0.0024538591652274455,14569900.0,-2632200.0,-0.1806601280722585
172,2024-05-10,169.49712667335086,171.14524512734897,167.7191511047721,170.096435546875,18740500,0.0,0.0,undefined,171.38497924804688,-1.288543701171875,-0.007518416764557667,11937700.0,6802800.0,0.5698585154594269
173,2024-05-13,165.65848414618418,170.75568046691478,165.57157742902123,170.7057342529297,19648600,0.0,0.0,undefined,170.096435546875,0.6092987060546875,0.0035820780376480954,18740500.0,908100.0,0.04845655131933513
174,2024-05-14,171.3949634734858,172.58361333263346,170.22629514951458,171.7345733642578,18729500,0.0,0.0,undefined,170.7057342529297,1.028839111328125,0.006026974523326345,19648600.0,-919100.0,-0.046776869598851856
175,2024-05-15,172.10415192415113,173.8481694638829,171.8344545619646,173.68235778808594,20958200,0.0,0.0,undefined,171.7345733642578,1.947784423828125,0.011341830510137152,18729500.0,2228700.0,0.11899410021623646
176,2024-05-16,174.4015476492293,176.13956013010878,173.85216975641586,175.2305908203125,17247300,0.0,0.0,undefined,173.68235778808594,1.5482330322265625,0.008914164063316132,20958200.0,-3710900.0,-0.17706196142798525
177,2024-05-17,175.3504580449293,177.29323926758923,174.78109863932875,177.08847045898438,16546400,0.0,0.0,undefined,175.2305908203125,1.857879638671875,0.01060248458887525,17247300.0,-700900.0,-0.04063824482672651
178,2024-05-20,177.10845439903065,179.74545297752596,177.02355955128786,178.2571563720703,17495100,0.0,0.0,undefined,177.08847045898438,1.1686859130859375,0.006599446649784069,16546400.0,948700.0,0.05733573466131614
179,2024-05-21,178.19721861225847,179.6156180061573,177.1084611999552,179.33592224121094,14706000,0.0,0.0,undefined,178.2571563720703,1.078765869140625,0.006051739470638529,17495100.0,-2789100.0,-0.1594217809558105
180,2024-05-22,178.1972076828288,178.64870499288455,176.57905400447086,177.79766845703125,16189400,0.0,0.0,undefined,179.33592224121094,-1.5382537841796875,-0.008577499504592856,14706000.0,1483400.0,0.10087039303685574
181,2024-05-23,178.57678040340517,179.70550081503183,174.34159450435664,174.8610076904297,14928400,0.0,0.0,undefined,177.79766845703125,-2.9366607666015625,-0.016516868821096375,16189400.0,-1261000.0,-0.07789047154310846
182,2024-05-24,176.31936411325322,177.1024695713595,175.0008571656109,176.12957763671875,11400600,0.0,0.0,undefined,174.8610076904297,1.2685699462890625,0.007254733133729374,14928400.0,-3527800.0,-0.2363146753838321
183,2024-05-28,175.54025025667943,178.30709075667662,175.48030565298816,177.81765747070312,15655300,0.0,0.0,undefined,176.12957763671875,1.688079833984375,0.009584306376219098,11400600.0,4254700.0,0.37319965615844786
184,2024-05-29,176.6090232910942,178.02740739355121,176.05964541020893,177.19834899902344,15023800,0.0,0.0,undefined,177.81765747070312,-0.6193084716796875,-0.003482828873627053,15655300.0,-631500.0,-0.04033777698287477
185,2024-05-30,176.48916376700743,176.48916376700743,173.03308994777052,173.3627166748047,18844000,0.0,0.0,undefined,177.19834899902344,-3.83563232421875,-0.021645982289823062,15023800.0,3820200.0,0.25427654787736786
186,2024-05-31,173.2028918101455,174.22173665367188,170.7756612834014,173.76226806640625,28085200,0.0,0.0,undefined,173.3627166748047,0.3995513916015625,0.0023047134889506715,18844000.0,9241200.0,0.4904054340904267
187,2024-06-03,173.68236122904176,175.6601063608881,172.2539787372203,174.22174072265625,20742800,0.0,0.0,undefined,173.76226806640625,0.45947265625,0.0026442602376390845,28085200.0,-7342400.0,-0.26143306795037957
188,2024-06-04,174.2517037351762,174.99086808148158,173.02310611488355,174.93093872070312,14066600,0.0,0.0,undefined,174.22174072265625,0.709197998046875,0.00407066302463277,20742800.0,-6676200.0,-0.32185625855718614
189,2024-06-05,176.3343483366308,177.7677148311511,175.0907530792258,176.86874389648438,15233900,0.0,0.0,undefined,174.93093872070312,1.93780517578125,0.011077544029390873,14066600.0,1167300.0,0.08298380561045304
190,2024-06-06,177.22831017231238,178.5068692340903,177.00857426575175,178.14727783203125,14255800,0.0,0.0,undefined,176.86874389648438,1.278533935546875,0.0072287160940949224,15233900.0,-978100.0,-0.0642054890737106
191,2024-06-07,178.25715671474754,179.21605697707383,175.59017820913067,175.75,14716300,0.0,0.0,undefined,178.14727783203125,-2.39727783203125,-0.013456718851980187,14255800.0,460500.0,0.03230264173178643
192,2024-06-10,176.4499969482422,178.47000122070312,174.3800048828125,176.6300048828125,17122200,0.2,0.0,undefined,175.75,0.8800048828125,0.005007140158250323,14716300.0,2405900.0,0.1634853869518833
193,2024-06-11,177.72000122070312,178.38999938964844,175.44000244140625,178.19000244140625,14402400,0.0,0.0,undefined,176.6300048828125,1.55999755859375,0.008832007674057119,17122200.0,-2719800.0,-0.15884640992395838
194,2024-06-12,179.75,182.0800018310547,177.77999877929688,179.55999755859375,18600400,0.0,0.0,undefined,178.19000244140625,1.3699951171875,0.007688394962775735,14402400.0,4198000.0,0.29147919791145926
195,2024-06-13,177.83999633789062,178.50999450683594,176.66000366210938,176.74000549316406,15956900,0.0,0.0,undefined,179.55999755859375,-2.8199920654296875,-0.015705012830095844,18600400.0,-2643500.0,-0.14212059955699874
196,2024-06-14,175.8520050048828,178.72999572753906,175.8520050048828,178.3699951171875,12361600,0.0,0.0,undefined,176.74000549316406,1.6299896240234375,0.009222527856526996,15956900.0,-3595300.0,-0.22531318739855488
197,2024-06-17,176.97999572753906,179.9199981689453,176.49000549316406,178.77999877929688,15272900,0.0,0.0,undefined,178.3699951171875,0.410003662109375,0.0022986134065878794,12361600.0,2911300.0,0.235511584260937
198,2024-06-18,178.7899932861328,178.91000366210938,175.6199951171875,176.4499969482422,15640300,0.0,0.0,undefined,178.77999877929688,-2.3300018310546875,-0.013032788046559163,15272900.0,367400.0,0.02405568032266303
199,2024-06-20,176.7100067138672,178.74000549316406,176.4600067138672,177.7100067138672,16753200,0.0,0.0,undefined,176.4499969482422,1.260009765625,0.007140888565697168,15640300.0,1112900.0,0.07115592411910265
200,2024-06-21,178.49000549316406,182.51199340820312,178.05999755859375,180.25999450683594,59728000,0.0,0.0,undefined,177.7100067138672,2.54998779296875,0.014349151407520466,16753200.0,42974800.0,2.5651696392331016
201,2024-06-24,181.27999877929688,182.0800018310547,180.22999572753906,180.7899932861328,18198300,0.0,0.0,undefined,180.25999450683594,0.529998779296875,0.0029401908102064667,59728000.0,-41529700.0,-0.6953137556924726
202,2024-06-25,181.14500427246094,185.75,181.10499572753906,185.5800018310547,18917700,0.0,0.0,undefined,180.7899932861328,4.790008544921875,0.026494876502046294,18198300.0,719400.0,0.0395311649989285
203,2024-06-26,184.1999969482422,185.92999267578125,183.99000549316406,185.3699951171875,13375700,0.0,0.0,undefined,185.5800018310547,-0.2100067138671875,-0.0011316236221312614,18917700.0,-5542000.0,-0.2929531602678973
204,2024-06-27,185.64500427246094,187.5,185.4499969482422,186.86000061035156,13025700,0.0,0.0,undefined,185.3699951171875,1.4900054931640625,0.00803800794309839,13375700.0,-350000.0,-0.0261668548188132
205,2024-06-28,185.72000122070312,186.5800018310547,183.3249969482422,183.4199981689453,23032400,0.0,0.0,undefined,186.86000061035156,-3.44000244140625,-0.018409517447126045,13025700.0,10006700.0,0.7682274273167662
206,2024-07-01,184.47999572753906,185.33999633789062,182.72999572753906,184.49000549316406,11815900,0.0,0.0,undefined,183.4199981689453,1.07000732421875,0.005833645921385244,23032400.0,-11216500.0,-0.48698789531268993
207,2024-07-02,183.47000122070312,186.9499969482422,183.05999755859375,186.61000061035156,12555500,0.0,0.0,undefined,184.49000549316406,2.1199951171875,0.01149111092235322,11815900.0,739600.0,0.06259362384583489
208,2024-07-03,186.3000030517578,187.6199951171875,185.38499450683594,187.38999938964844,7409100,0.0,0.0,undefined,186.61000061035156,0.779998779296875,0.004179833753527262,12555500.0,-5146400.0,-0.4098920791684919
209,2024-07-05,187.32000732421875,192.25999450683594,187.32000732421875,191.9600067138672,14303400,0.0,0.0,undefined,187.38999938964844,4.57000732421875,0.024387679914103177,7409100.0,6894300.0,0.930517876665182
210,2024-07-08,191.36500549316406,191.6790008544922,189.32000732421875,190.47999572753906,12097600,0.0,0.0,undefined,191.9600067138672,-1.480010986328125,-0.00770999653346649,14303400.0,-2205800.0,-0.1542150817288197
211,2024-07-09,191.75,192.86000061035156,190.22999572753906,190.44000244140625,10198500,0.0,0.0,undefined,190.47999572753906,-0.0399932861328125,-0.00020996055769562094,12097600.0,-1899100.0,-0.15698155005951597
212,2024-07-10,190.75,193.30999755859375,190.6199951171875,192.66000366210938,12052900,0.0,0.0,undefined,190.44000244140625,2.220001220703125,0.011657221131291307,10198500.0,1854400.0,0.1818306613717704
213,2024-07-11,191.33999633789062,192.41000366210938,186.82000732421875,187.3000030517578,16452000,0.0,0.0,undefined,192.66000366210938,-5.3600006103515625,-0.027821034508812903,12052900.0,4399100.0,0.3649827012586182
214,2024-07-12,186.9199981689453,188.69000244140625,186.13999938964844,186.77999877929688,14449100,0.0,0.0,undefined,187.3000030517578,-0.5200042724609375,-0.002776317479916135,16452000.0,-2002900.0,-0.12174203744225631
215,2024-07-15,186.49000549316406,189.89999389648438,186.49000549316406,188.19000244140625,12186000,0.0,0.0,undefined,186.77999877929688,1.410003662109375,0.007549007770234928,14449100.0,-2263100.0,-0.15662567218719503
216,2024-07-16,188.9600067138672,190.33999633789062,185.1199951171875,185.5,12760100,0.0,0.0,undefined,188.19000244140625,-2.69000244140625,-0.014294077296926555,12186000.0,574100.0,0.04711143935663875
217,2024-07-17,184.67999267578125,185.22999572753906,181.6199951171875,182.6199951171875,17376600,0.0,0.0,undefined,185.5,-2.8800048828125,-0.015525632791442034,12760100.0,4616500.0,0.36179183548718274
218,2024-07-18,183.5399932861328,184.0500030517578,178.2100067138672,179.22000122070312,17877200,0.0,0.0,undefined,182.6199951171875,-3.399993896484375,-0.018617862158536336,17376600.0,500600.0,0.028808857889345507
219,2024-07-19,180.3699951171875,181.97000122070312,178.86000061035156,179.38999938964844,14485900,0.0,0.0,undefined,179.22000122070312,0.1699981689453125,0.0009485446255297347,17877200.0,-3391300.0,-0.18969972926409062
220,2024-07-22,182.35000610351562,184.3000030517578,181.89999389648438,183.35000610351562,16303900,0.0,0.0,undefined,179.38999938964844,3.9600067138671875,0.02207484657640113,14485900.0,1818000.0,0.12550134958822023
221,2024-07-23,183.83999633789062,185.22000122070312,183.3300018310547,183.60000610351562,23772600,0.0,0.0,undefined,183.35000610351562,0.25,0.0013635123625730383,16303900.0,7468700.0,0.45809284895025115
222,2024-07-24,175.38999938964844,177.9499969482422,173.57000732421875,174.3699951171875,31250700,0.0,0.0,undefined,183.60000610351562,-9.230010986328125,-0.05027238932183997,23772600.0,7478100.0,0.31456803210418727
223,2024-07-25,174.25,175.1999969482422,169.0500030517578,169.16000366210938,28967900,0.0,0.0,undefined,174.3699951171875,-5.209991455078125,-0.029878944778180982,31250700.0,-2282800.0,-0.07304796372561251
224,2024-07-26,168.77000427246094,169.83999633789062,165.86500549316406,168.67999267578125,25150100,0.0,0.0,undefined,169.16000366210938,-0.480010986328125,-0.0028376151332257793,28967900.0,-3817800.0,-0.13179415836149666
225,2024-07-29,170.5,172.16000366210938,169.72000122070312,171.1300048828125,13768900,0.0,0.0,undefined,168.67999267578125,2.45001220703125,0.0145246165129993,25150100.0,-11381200.0,-0.4525310038528674
226,2024-07-30,171.8300018310547,172.9499969482422,170.1199951171875,171.86000061035156,13681400,0.0,0.0,undefined,171.1300048828125,0.7299957275390625,0.004265737782447543,13768900.0,-87500.0,-0.006354901262991208
227,2024-07-31,174.9199981689453,175.91000366210938,171.72000122070312,173.14999389648438,15650200,0.0,0.0,undefined,171.86000061035156,1.2899932861328125,0.00750607053154595,13681400.0,1968800.0,0.14390340169865667
228,2024-08-01,171.97999572753906,175.67999267578125,170.50999450683594,172.4499969482422,17177800,0.0,0.0,undefined,173.14999389648438,-0.6999969482421875,-0.00404272002839734,15650200.0,1527600.0,0.09760897624311515
229,2024-08-02,168.19000244140625,170.2100067138672,166.38999938964844,168.39999389648438,18907800,0.0,0.0,undefined,172.4499969482422,-4.0500030517578125,-0.0234850862477739,17177800.0,1730000.0,0.1007113832970461
230,2024-08-05,157.3699951171875,165.94000244140625,156.60000610351562,160.63999938964844,34907800,0.0,0.0,undefined,168.39999389648438,-7.7599945068359375,-0.04608072914542982,18907800.0,16000000.0,0.8462116163699638
231,2024-08-06,160.94500732421875,162.35000610351562,158.1300048828125,160.5399932861328,36146500,0.0,0.0,undefined,160.63999938964844,-0.100006103515625,-0.000622547957517372,34907800.0,1238700.0,0.03548490595225129
232,2024-08-07,163.24000549316406,164.7899932861328,160.24000549316406,160.75,19334200,0.0,0.0,undefined,160.5399932861328,0.2100067138671875,0.0013081270876402762,36146500.0,-16812300.0,-0.4651155713554562
233,2024-08-08,162.343994140625,165.5,162.02999877929688,163.83999633789062,15733600,0.0,0.0,undefined,160.75,3.089996337890625,0.01922237224193224,19334200.0,-3600600.0,-0.18622958281180502
234,2024-08-09,161.64500427246094,165.52000427246094,160.92999267578125,165.38999938964844,13549200,0.0,0.0,undefined,163.83999633789062,1.5500030517578125,0.009460468056659455,15733600.0,-2184400.0,-0.13883662988762902
235,2024-08-12,165.9949951171875,166.6999969482422,163.5500030517578,163.9499969482422,12435000,0.0,0.0,undefined,165.38999938964844,-1.44000244140625,-0.00870670806409335,13549200.0,-1114200.0,-0.08223363741032685
236,2024-08-13,165.18499755859375,166.5399932861328,164.77000427246094,165.92999267578125,12717600,0.0,0.0,undefined,163.9499969482422,1.9799957275390625,0.012076826864255041,12435000.0,282600.0,0.022726176115802188
237,2024-08-14,164.2100067138672,164.9600067138672,159.52999877929688,162.02999877929688,22515900,0.0,0.0,undefined,165.92999267578125,-3.899993896484375,-0.02350385143513367,12717600.0,9798300.0,0.7704519720702019
238,2024-08-15,162.2100067138672,163.52000427246094,161.49000549316406,163.1699981689453,18392500,0.0,0.0,undefined,162.02999877929688,1.1399993896484375,0.0070357304094117445,22515900.0,-4123400.0,-0.18313280837097345
239,2024-08-16,163.41000366210938,166.9499969482422,163.0800018310547,164.74000549316406,16853100,0.0,0.0,undefined,163.1699981689453,1.57000732421875,0.009621911759741364,18392500.0,-1539400.0,-0.08369715916813913
240,2024-08-19,167.0,168.47000122070312,166.08999633789062,168.39999389648438,13100800,0.0,0.0,undefined,164.74000549316406,3.6599884033203125,0.022216755379871556,16853100.0,-3752300.0,-0.22264746545145997
241,2024-08-20,168.74000549316406,170.41000366210938,168.66000366210938,168.9600067138672,12622500,0.0,0.0,undefined,168.39999389648438,0.5600128173828125,0.003325491910213696,13100800.0,-478300.0,-0.03650922081094288
242,2024-08-21,166.99000549316406,168.63999938964844,166.57000732421875,167.6300048828125,15269600,0.0,0.0,undefined,168.9600067138672,-1.3300018310546875,-0.00787169613047567,12622500.0,2647100.0,0.20971281441869682
243,2024-08-22,169.0399932861328,169.4199981689453,165.02999877929688,165.49000549316406,19123800,0.0,0.0,undefined,167.6300048828125,-2.1399993896484375,-0.012766207285768938,15269600.0,3854200.0,0.2524100172892545
244,2024-08-23,166.5500030517578,167.9499969482422,165.66000366210938,167.42999267578125,14281600,0.0,0.0,undefined,165.49000549316406,1.9399871826171875,0.011722684864478472,19123800.0,-4842200.0,-0.2532028153400475
245,2024-08-26,168.15499877929688,169.3800048828125,166.32000732421875,167.92999267578125,11990300,0.0,0.0,undefined,167.42999267578125,0.5,0.0029863227729347575,14281600.0,-2291300.0,-0.16043720591530364
246,2024-08-27,167.61000061035156,168.2449951171875,166.16000366210938,166.3800048828125,13718200,0.0,0.0,undefined,167.92999267578125,-1.54998779296875,-0.009229964036033045,11990300.0,1727900.0,0.14410815409122368
247,2024-08-28,166.77999877929688,167.38999938964844,163.27999877929688,164.5,15208700,0.0,0.0,undefined,166.3800048828125,-1.8800048828125,-0.011299464043991625,13718200.0,1490500.0,0.1086512807802773
248,2024-08-29,166.05999755859375,167.6300048828125,161.98199462890625,163.39999389648438,17133800,0.0,0.0,undefined,164.5,-1.100006103515625,-0.006686967194623805,15208700.0,1925100.0,0.12657886604377766
249,2024-08-30,164.22000122070312,165.27999877929688,163.41000366210938,165.11000061035156,18498800,0.0,0.0,undefined,163.39999389648438,1.7100067138671875,0.010465157758515531,17133800.0,1365000.0,0.07966709077962864
250,2024-09-03,163.31500244140625,163.3800048828125,157.85499572753906,158.61000061035156,26508900,0.0,0.0,undefined,165.11000061035156,-6.5,-0.03936769411890173,18498800.0,8010100.0,0.4330064652842347
